ID,eth
HG00315,FIN
HG00327,FIN
HG00334,FIN
HG00339,FIN
HG00341,FIN
HG00346,FIN
HG00353,FIN
HG00358,FIN
HG00360,FIN
HG00365,FIN
HG00372,FIN
HG00377,FIN
HG00384,FIN
HG00404,CHS
HG00409,CHS
HG00106,GBR
HG00113,GBR
HG00118,GBR
HG00120,GBR
HG00125,GBR
HG00132,GBR
HG00137,GBR
HG00144,GBR
HG00149,GBR
HG00151,GBR
HG00156,GBR
HG00182,FIN
HG00187,FIN
HG00233,GBR
HG00238,GBR
HG00240,GBR
HG00245,GBR
HG00252,GBR
HG00257,GBR
HG00264,GBR
HG00269,FIN
HG00271,FIN
HG00276,FIN
HG00288,FIN
HG00290,FIN
HG00303,FIN
HG00308,FIN
HG00310,FIN
HG00097,GBR
HG00098,GBR
HG00100,GBR
HG00101,GBR
HG00105,GBR
HG00112,GBR
HG00428,CHS
HG00117,GBR
HG00442,CHS
HG00124,GBR
HG00129,GBR
HG00131,GBR
HG00473,CHS
HG00136,GBR
HG00478,CHS
HG00143,GBR
HG00148,GBR
HG00500,CHS
HG00150,GBR
HG00512,CHS
HG00155,GBR
HG00524,CHS
HG00174,FIN
HG00531,CHS
HG00179,FIN
HG00536,CHS
HG00181,FIN
HG00733,PUR
HG00186,FIN
HG00232,GBR
HG00740,PUR
HG00237,GBR
HG00978,CDX
HG00244,GBR
HG00319,FIN
HG01197,PUR
HG00321,FIN
HG01200,PUR
HG00326,FIN
HG01205,PUR
HG00338,FIN
HG00345,FIN
HG01248,PUR
HG00357,FIN
HG01250,CLM
HG00364,FIN
HG00369,FIN
HG01274,CLM
HG00371,FIN
HG00376,FIN
HG00620,CHS
HG00383,FIN
HG00625,CHS
HG00403,CHS
HG00632,CHS
HG00637,PUR
HG00410,CHS
HG00651,CHS
HG00422,CHS
HG00656,CHS
HG00542,CHS
HG00663,CHS
HG00554,PUR
HG00543,CHS
HG00559,CHS
HG00566,CHS
HG00578,CHS
HG00581,CHS
HG00580,CHS
HG00593,CHS
HG00598,CHS
HG00592,CHS
HG00613,CHS
HG01077,PUR
HG00427,CHS
HG01089,PUR
HG00446,CHS
HG01104,PUR
HG00458,CHS
HG01111,PUR
HG00472,CHS
HG00675,CHS
HG00530,CHS
HG00699,CHS
HG00732,PUR
HG00702,CHS
HG00737,PUR
HG00707,CHS
HG00864,CDX
HG01130,CLM
HG00249,GBR
HG00251,GBR
HG01142,CLM
HG00256,GBR
HG01161,PUR
HG00263,GBR
HG01173,PUR
HG00268,FIN
HG00270,FIN
HG01046,CDX
HG00275,FIN
HG00282,FIN
HG01058,PUR
HG00302,FIN
HG01060,PUR
HG01072,PUR
HG01483,CLM
HG00629,CHS
HG01488,CLM
HG00631,CHS
HG01495,CLM
HG00650,CHS
HG01503,IBS
HG00662,CHS
HG01565,PEL
HG00674,CHS
HG01572,PEL
HG00693,CHS
HG01577,PEL
HG00698,CHS
HG01589,PJL
HG00701,CHS
HG01596,KHV
HG01351,CLM
HG01052,PUR
HG01356,CLM
HG01064,PUR
HG01363,CLM
HG01069,PUR
HG01375,CLM
HG01191,PUR
HG01402,PUR
HG01204,PUR
HG01414,PUR
HG01242,PUR
HG01247,PUR
HG01438,CLM
HG01254,CLM
HG01440,CLM
HG01259,CLM
HG01281,CLM
HG01286,PUR
HG01278,CLM
HG01325,PUR
HG01280,CLM
HG01344,CLM
HG01083,PUR
HG01088,PUR
HG01095,PUR
HG01623,IBS
HG01108,PUR
HG01110,PUR
HG01452,CLM
HG01122,CLM
HG01350,CLM
HG01464,CLM
HG01471,CLM
HG01362,CLM
HG01628,IBS
HG01630,IBS
HG01374,CLM
HG01673,IBS
HG01678,IBS
HG01393,PUR
HG01680,IBS
HG01134,CLM
HG01510,IBS
HG01139,CLM
HG01515,IBS
HG01522,IBS
HG01527,IBS
HG01177,PUR
HG01894,ACB
HG01914,ACB
HG01482,CLM
HG01921,PEL
HG01868,KHV
HG01494,CLM
HG01870,KHV
HG01882,ACB
HG01507,IBS
HG01926,PEL
HG01305,PUR
HG01933,PEL
HG01312,PUR
HG01938,PEL
HG01945,PEL
HG01348,CLM
HG01398,PUR
HG01413,PUR
HG01762,IBS
HG01432,CLM
HG01767,IBS
HG01437,CLM
HG01444,CLM
HG01779,IBS
HG01456,CLM
HG01781,IBS
HG01786,IBS
HG01468,CLM
HG01519,IBS
HG01971,PEL
HG01521,IBS
HG01685,IBS
HG01697,IBS
HG01700,IBS
HG01705,IBS
HG01571,PEL
HG01844,KHV
HG01583,PJL
HG01849,KHV
HG01590,PJL
HG01851,KHV
HG01595,KHV
HG01863,KHV
HG01867,KHV
HG01798,CDX
HG01874,KHV
HG01801,CDX
HG01879,ACB
HG01806,CDX
HG01813,CDX
HG01886,ACB
HG02006,PEL
HG01709,IBS
HG02013,ACB
HG01747,IBS
HG02020,KHV
HG01761,IBS
HG01976,PEL
HG01766,IBS
HG01983,PEL
HG01773,IBS
HG01988,ACB
HG01603,IBS
HG01990,ACB
HG01608,IBS
HG01995,PEL
HG01610,IBS
HG02025,KHV
HG01615,IBS
HG02032,KHV
HG02049,KHV
HG02051,ACB
HG02082,KHV
HG02087,KHV
HG01785,IBS
HG02102,PEL
HG01797,CDX
HG02107,ACB
HG01684,IBS
HG02152,CDX
HG01704,IBS
HG02164,CDX
HG01843,KHV
HG02169,CDX
HG01848,KHV
HG02121,KHV
HG01850,KHV
HG01855,KHV
HG02133,KHV
HG01862,KHV
HG02138,KHV
HG01672,IBS
HG02140,KHV
HG01800,CDX
HG01805,CDX
HG02239,IBS
HG01812,CDX
HG02253,PEL
HG01817,CDX
HG02079,KHV
HG02081,KHV
HG02070,KHV
HG02086,KHV
HG02075,KHV
HG02176,CDX
HG02188,CDX
HG01951,PEL
HG02190,CDX
HG01956,ACB
HG02215,GBR
HG01968,PEL
HG01970,PEL
HG02568,GWD
HG02024,KHV
HG02570,GWD
HG02029,KHV
HG02031,KHV
HG02582,GWD
HG02048,KHV
HG02050,KHV
HG02594,GWD
HG02067,KHV
HG02429,ACB
HG02436,ACB
HG01932,PEL
HG02450,ACB
HG02455,ACB
HG01944,PEL
HG02462,GWD
HG01982,PEL
HG02260,PEL
HG02265,PEL
HG02113,KHV
HG02272,PEL
HG02277,PEL
HG02479,ACB
HG02137,KHV
HG02481,ACB
HG01893,PEL
HG02493,PJL
HG01918,PEL
HG02501,ACB
HG01920,PEL
HG02513,KHV
HG02012,ACB
HG02525,KHV
HG02017,KHV
HG02537,ACB
HG02549,ACB
HG02442,ACB
HG02284,ACB
HG02461,GWD
HG02291,PEL
HG02304,PEL
HG02170,CDX
HG02309,ACB
HG02182,CDX
HG02187,CDX
HG02323,ACB
HG02219,IBS
HG02330,ACB
HG02221,IBS
HG02347,PEL
HG02283,ACB
HG02373,CDX
HG02288,PEL
HG02380,CDX
HG02385,CDX
HG02308,ACB
HG02392,CDX
HG02353,CDX
HG02397,CDX
HG02358,CDX
HG02405,CDX
HG02360,CDX
HG02789,PJL
HG02372,CDX
HG02377,CDX
HG02804,GWD
HG02384,CDX
HG02144,ACB
HG02811,GWD
HG02151,CDX
HG02816,GWD
HG02156,CDX
HG02854,GWD
HG02168,CDX
HG02861,GWD
HG02233,IBS
HG02878,GWD
HG02238,IBS
HG02885,GWD
HG02252,PEL
HG02271,PEL
HG02974,ESN
HG02315,ACB
HG02979,ESN
HG02322,ACB
HG02981,ESN
HG02334,ACB
HG03009,BEB
HG02339,ACB
HG03016,PJL
HG02389,CDX
HG02391,CDX
HG02734,PJL
HG02396,CDX
HG02409,CDX
HG02760,GWD
HG02733,PJL
HG02772,GWD
HG02784,PJL
HG02757,GWD
HG02690,PJL
HG02703,GWD
HG02769,GWD
HG02715,GWD
HG02771,GWD
HG02722,GWD
HG02727,PJL
HG02783,PJL
HG03028,GWD
HG02562,GWD
HG02567,GWD
HG02574,GWD
HG03054,MSL
HG02586,GWD
HG02601,PJL
HG03061,MSL
HG02657,PJL
HG02790,PJL
HG02676,GWD
HG02808,GWD
HG02810,GWD
HG02688,PJL
HG02614,GWD
HG02839,GWD
HG02621,GWD
HG02645,GWD
HG02652,PJL
HG02860,GWD
HG02943,ESN
HG02884,GWD
HG03066,MSL
HG02891,GWD
HG03073,MSL
HG02896,GWD
HG03078,MSL
HG02923,ESN
HG02478,ACB
HG03085,MSL
HG03097,MSL
HG02485,ACB
HG03249,GWD
HG02497,ACB
HG03268,ESN
HG02505,ACB
HG03270,ESN
HG03294,ESN
HG03100,ESN
HG02675,GWD
HG03105,ESN
HG02682,PJL
HG03112,ESN
HG02687,PJL
HG03117,ESN
HG02613,GWD
HG03352,ESN
HG02620,GWD
HG03369,ESN
HG03376,MSL
HG02649,PJL
HG03383,MSL
HG02651,PJL
HG03388,MSL
HG02694,PJL
HG02699,PJL
HG03408,MSL
HG02702,GWD
HG03410,MSL
HG02721,GWD
HG03198,ESN
HG03225,MSL
HG02512,KHV
HG03237,PJL
HG02524,KHV
HG03124,ESN
HG02536,ACB
HG03129,ESN
HG02555,ACB
HG03027,GWD
HG03136,ESN
HG03034,GWD
HG03039,GWD
HG03307,ESN
HG03046,GWD
HG03162,ESN
HG03058,MSL
HG03060,MSL
HG03193,ESN
HG03072,MSL
HG03077,MSL
HG03624,PJL
HG03084,MSL
HG03629,PJL
HG03091,MSL
HG03631,PJL
HG03096,MSL
HG03636,PJL
HG03698,STU
HG03250,GWD
HG03267,ESN
HG03706,PJL
HG03279,ESN
HG03713,ITU
HG03491,PJL
HG03511,ESN
HG03212,MSL
HG03224,MSL
HG03460,MSL
HG03229,PJL
HG03472,MSL
HG02973,ESN
HG03484,MSL
HG03439,MSL
HG03446,MSL
HG03015,PJL
HG03022,PJL
HG03458,MSL
HG03123,ESN
HG03643,STU
HG03650,PJL
HG03130,ESN
HG03667,PJL
HG03135,ESN
HG03578,MSL
HG03159,ESN
HG03585,BEB
HG03600,BEB
HG03109,ESN
HG03679,STU
HG03111,ESN
HG03681,STU
HG03686,STU
HG03693,STU
HG02947,ESN
HG03547,MSL
HG03559,MSL
HG03566,MSL
HG03718,ITU
HG03166,ESN
HG03720,ITU
HG03725,ITU
HG03539,GWD
HG03744,STU
HG03558,MSL
HG03821,BEB
HG03565,MSL
HG03826,BEB
HG03572,MSL
HG03833,BEB
HG03577,MSL
HG03838,STU
HG03589,BEB
HG03845,STU
HG03934,BEB
HG03604,BEB
HG03488,PJL
HG03941,BEB
HG03490,PJL
HG03953,STU
HG03508,ESN
HG03960,ITU
HG03515,ESN
HG03908,BEB
HG03433,MSL
HG03910,BEB
HG03445,MSL
HG03922,BEB
HG03452,MSL
HG03457,MSL
HG03799,BEB
HG03802,BEB
HG03351,ESN
HG03363,ESN
HG03814,BEB
HG03775,ITU
HG03370,ESN
HG03782,ITU
HG03382,MSL
HG03787,ITU
HG03394,MSL
HG03794,BEB
HG03756,STU
HG03419,MSL
HG03770,ITU
HG03464,MSL
HG03469,MSL
HG03888,STU
HG03890,STU
HG03476,MSL
HG03895,STU
HG03298,ESN
HG03857,STU
HG03301,ESN
HG03864,ITU
HG03306,ESN
HG03869,ITU
HG03313,ESN
HG03871,ITU
HG03611,BEB
HG03616,BEB
HG04235,ITU
NA06984,CEU
HG03697,STU
NA06989,CEU
HG03700,PJL
HG03705,PJL
HG03717,ITU
HG03774,ITU
HG04090,ITU
HG03779,ITU
HG03781,ITU
HG03786,ITU
HG04127,STU
HG03793,BEB
HG04134,BEB
HG03832,BEB
HG03837,STU
HG03844,STU
HG03750,STU
HG04141,BEB
HG03755,STU
HG04146,BEB
HG03762,PJL
HG04153,BEB
HG03767,PJL
HG04158,BEB
HG03849,STU
HG03851,STU
HG03856,STU
HG04209,ITU
HG03863,ITU
HG04211,ITU
HG03868,ITU
HG04216,ITU
HG03870,ITU
HG04177,BEB
HG03673,STU
HG03680,STU
HG04189,BEB
HG03685,STU
HG04191,BEB
HG03692,STU
HG03965,ITU
HG03642,STU
HG03972,ITU
HG03977,ITU
HG03989,STU
HG03991,STU
HG03806,BEB
HG04038,STU
HG03729,ITU
HG04076,ITU
HG03731,ITU
HG04002,ITU
HG03736,STU
HG04014,ITU
HG03743,STU
HG04019,ITU
HG04094,ITU
HG04026,ITU
HG04099,STU
HG04033,STU
HG04107,STU
NA12878,CEU
HG04114,STU
NA12892,CEU
HG04037,STU
NA18489,YRI
HG04056,ITU
NA18504,YRI
HG04063,ITU
HG04070,ITU
NA18511,YRI
HG04075,STU
NA18516,YRI
HG03875,ITU
NA18523,YRI
HG03882,ITU
NA18528,CHB
HG03887,STU
NA18530,CHB
HG03894,STU
NA18535,CHB
HG03899,STU
NA18542,CHB
HG03969,ITU
NA18547,CHB
HG03971,ITU
NA18559,CHB
HG03976,ITU
NA18561,CHB
HG03988,STU
NA18566,CHB
HG03990,STU
NA18573,CHB
HG03995,STU
NA18592,CHB
HG03902,BEB
NA18597,CHB
HG03907,BEB
NA18605,CHB
HG03914,BEB
NA18612,CHB
HG03919,BEB
NA18617,CHB
HG03926,BEB
NA18624,CHB
HG04164,BEB
NA18629,CHB
HG04171,BEB
NA18631,CHB
HG04176,BEB
NA18636,CHB
HG04183,BEB
NA18643,CHB
HG04188,BEB
NA18648,CHB
HG04001,ITU
NA18908,YRI
HG04006,STU
NA18910,YRI
HG04018,ITU
NA18915,YRI
HG04020,ITU
NA18934,YRI
HG04025,ITU
NA18939,JPT
HG04140,BEB
NA18941,JPT
HG04152,BEB
NA18946,JPT
NA18953,JPT
HG03940,BEB
NA18960,JPT
HG03945,STU
NA18965,JPT
NA18534,CHB
NA18539,CHB
NA18541,CHB
NA18546,CHB
NA11832,CEU
NA18553,CHB
NA18558,CHB
NA11894,CEU
NA18560,CHB
NA11919,CEU
NA18565,CHB
NA11933,CEU
NA18572,CHB
NA11995,CEU
NA18577,CHB
NA12006,CEU
NA18591,CHB
NA12044,CEU
NA18596,CHB
NA18609,CHB
NA18611,CHB
NA12234,CEU
NA18616,CHB
NA18623,CHB
NA12272,CEU
NA18628,CHB
NA18630,CHB
NA12342,CEU
NA18635,CHB
NA12347,CEU
NA18642,CHB
NA12400,CEU
NA18647,CHB
NA12760,CEU
NA11829,CEU
NA12777,CEU
NA11831,CEU
NA12828,CEU
NA11843,CEU
NA12830,CEU
NA11881,CEU
NA12842,CEU
NA11893,CEU
NA12873,CEU
NA11918,CEU
NA19026,LWK
NA11920,CEU
NA19038,LWK
NA11932,CEU
NA19057,JPT
NA11994,CEU
NA19064,JPT
NA12005,CEU
NA19076,JPT
NA19083,JPT
NA12889,CEU
NA19088,JPT
NA12891,CEU
NA19090,JPT
NA18488,YRI
NA19095,YRI
NA18749,CHB
NA18508,YRI
NA18794,CHB
NA18510,YRI
NA18522,YRI
NA18864,YRI
NA18527,CHB
NA18871,YRI
NA18876,YRI
NA18972,JPT
NA12776,CEU
NA18977,JPT
NA12815,CEU
NA18984,JPT
NA12827,CEU
NA18989,JPT
NA18991,JPT
NA12872,CEU
NA19002,JPT
NA12043,CEU
NA19007,JPT
NA12144,CEU
NA19019,LWK
NA12156,CEU
NA19153,YRI
NA19160,YRI
NA12283,CEU
NA19172,YRI
NA12341,CEU
NA19184,YRI
NA07037,CEU
NA19189,YRI
NA07051,CEU
NA07056,CEU
NA07347,CEU
NA19204,YRI
NA19209,YRI
NA19350,LWK
NA18748,CHB
NA19355,LWK
NA18856,YRI
NA19374,LWK
NA19379,LWK
NA18868,YRI
NA19381,LWK
NA18870,YRI
NA19393,LWK
NA19398,LWK
HG04222,ITU
NA19401,LWK
HG04227,STU
HG04239,ITU
NA19437,LWK
NA19444,LWK
HG04195,BEB
NA19449,LWK
NA19451,LWK
HG04210,STU
NA19456,LWK
NA19463,LWK
NA19037,LWK
NA19468,LWK
NA19044,LWK
NA19470,LWK
NA19056,JPT
NA19475,LWK
NA19063,JPT
NA19068,JPT
NA19658,MXL
NA19070,JPT
NA19660,MXL
NA19075,JPT
NA19082,JPT
NA19087,JPT
NA19684,MXL
NA19099,YRI
NA19704,ASW
NA19222,YRI
NA19711,ASW
NA19239,YRI
NA19716,MXL
NA19723,MXL
NA19309,LWK
NA19728,MXL
NA19311,LWK
NA19316,LWK
NA19735,MXL
NA19323,LWK
NA19785,MXL
NA19328,LWK
NA19792,MXL
NA19347,LWK
NA19797,MXL
NA19359,LWK
NA19373,LWK
NA19901,ASW
NA19378,LWK
NA19913,ASW
NA19380,LWK
NA19385,LWK
NA19920,ASW
NA19397,LWK
NA19982,ASW
NA19429,LWK
NA19223,YRI
NA19431,LWK
NA19235,YRI
NA19436,LWK
NA19247,YRI
NA19443,LWK
NA19448,LWK
NA19312,LWK
NA18907,YRI
NA19317,LWK
NA19324,LWK
NA18933,YRI
NA19331,LWK
NA18940,JPT
NA18945,JPT
NA19108,YRI
NA18952,JPT
NA18957,JPT
NA18964,JPT
NA18969,JPT
NA18971,JPT
NA19141,YRI
NA18976,JPT
NA19146,YRI
NA18983,JPT
NA18988,JPT
NA19747,MXL
NA18990,JPT
NA18995,JPT
NA19759,MXL
NA19001,JPT
NA19761,MXL
NA19006,JPT
NA19020,LWK
NA19773,MXL
NA19025,LWK
NA19152,YRI
NA19780,MXL
NA19171,YRI
NA20282,ASW
NA19190,YRI
NA20287,ASW
NA20294,ASW
NA20299,ASW
NA19210,YRI
NA20314,ASW
NA19455,LWK
NA19462,LWK
NA20504,TSI
NA19467,LWK
NA20509,TSI
NA19474,LWK
NA20511,TSI
NA19652,MXL
NA20516,TSI
NA19657,MXL
NA20528,TSI
NA19664,MXL
NA20530,TSI
NA19669,MXL
NA20535,TSI
NA20542,TSI
NA19102,YRI
NA20585,TSI
NA19107,YRI
NA20756,TSI
NA19114,YRI
NA20763,TSI
NA19119,YRI
NA20768,TSI
NA19121,YRI
NA20770,TSI
NA19138,YRI
NA20775,TSI
NA20787,TSI
NA20799,TSI
NA19676,MXL
NA20802,TSI
NA20807,TSI
NA19703,ASW
NA20814,TSI
NA20819,TSI
NA19722,MXL
NA20821,TSI
NA20826,TSI
NA19734,MXL
NA20845,GIH
NA20503,TSI
NA21141,GIH
NA20508,TSI
NA20510,TSI
NA20515,TSI
NA20321,ASW
NA20522,TSI
NA20527,TSI
NA20340,ASW
NA20534,TSI
NA20539,TSI
NA20357,ASW
NA20541,TSI
NA20895,GIH
NA20589,TSI
NA20903,GIH
NA20755,TSI
NA20908,GIH
NA20910,GIH
NA19789,MXL
NA21088,GIH
NA20852,GIH
NA20864,GIH
NA19835,ASW
NA20869,GIH
NA19900,ASW
NA20871,GIH
NA21108,GIH
NA19917,ASW
NA21110,GIH
NA21115,GIH
NA20762,TSI
NA21122,GIH
NA20767,TSI
NA21127,GIH
NA20774,TSI
NA20876,GIH
NA20786,TSI
NA20883,GIH
NA20798,TSI
NA20888,GIH
NA20801,TSI
NA20890,GIH
NA20806,TSI
NA21090,GIH
NA20813,TSI
NA21095,GIH
NA20818,TSI
NA21103,GIH
NA20832,TSI
NA20274,ASW
NA20281,ASW
NA20298,ASW
NA20313,ASW
NA20318,ASW
NA20320,ASW
NA20332,ASW
NA20344,ASW
NA20351,ASW
NA20356,ASW
NA19741,MXL
NA19746,MXL
NA19758,MXL
NA19777,MXL
NA20849,GIH
NA20851,GIH
NA20856,GIH
NA20863,GIH
NA20868,GIH
NA20870,GIH
NA20894,GIH
NA20899,GIH
NA20902,GIH
NA21087,GIH
NA20875,GIH
NA20882,GIH
NA20887,GIH
NA21133,GIH
NA21114,GIH
NA21119,GIH
NA21121,GIH
NA21126,GIH
NA21094,GIH
NA21099,GIH
NA21102,GIH
NA21107,GIH
HG00104,GBR
HG00109,GBR
HG00111,GBR
HG00116,GBR
HG00123,GBR
HG00128,GBR
HG00130,GBR
HG00135,GBR
HG00142,GBR
HG00147,GBR
HG00154,GBR
HG00159,GBR
HG00173,FIN
HG00178,FIN
HG00152,GBR
HG00180,FIN
HG00157,GBR
HG00185,FIN
HG00171,FIN
HG00231,GBR
HG00176,FIN
HG00236,GBR
HG00183,FIN
HG00243,GBR
HG00188,FIN
HG00318,FIN
HG00190,FIN
HG00320,FIN
HG00234,GBR
HG00325,FIN
HG00239,GBR
HG00332,FIN
HG00246,GBR
HG00337,FIN
HG00253,GBR
HG00344,FIN
HG00258,GBR
HG00349,FIN
HG00260,GBR
HG00351,FIN
HG00265,GBR
HG00356,FIN
HG00272,FIN
HG00368,FIN
HG00277,FIN
HG00375,FIN
HG00284,FIN
HG00382,FIN
HG00479,CHS
HG00407,CHS
HG00501,CHS
HG00419,CHS
HG00513,CHS
HG00421,CHS
HG00525,CHS
HG00553,PUR
HG00537,CHS
HG00560,CHS
HG00565,CHS
HG00551,PUR
HG00577,CHS
HG00556,CHS
HG00584,CHS
HG00589,CHS
HG00099,GBR
HG00102,GBR
HG00596,CHS
HG00107,GBR
HG00114,GBR
HG00611,CHS
HG00119,GBR
HG00121,GBR
HG00250,GBR
HG00126,GBR
HG00255,GBR
HG00133,GBR
HG00262,GBR
HG00138,GBR
HG00267,FIN
HG00140,GBR
HG00274,FIN
HG00145,GBR
HG00281,FIN
HG00304,FIN
HG00306,FIN
HG00309,FIN
HG00313,FIN
HG00311,FIN
HG00323,FIN
HG00445,CHS
HG00328,FIN
HG00452,CHS
HG00330,FIN
HG00457,CHS
HG00335,FIN
HG00464,CHS
HG00342,FIN
HG00476,CHS
HG00359,FIN
HG00534,CHS
HG00361,FIN
HG00096,GBR
HG00366,FIN
HG00729,CHS
HG00373,FIN
HG00731,PUR
HG00378,FIN
HG00736,PUR
HG00380,FIN
HG00743,PUR
HG00844,CDX
HG00599,CHS
HG00851,CDX
HG00607,CHS
HG00983,CDX
HG00614,CHS
HG01082,PUR
HG00619,CHS
HG01094,PUR
HG00626,CHS
HG01102,PUR
HG01107,PUR
HG00436,CHS
HG01119,CLM
HG00443,CHS
HG01121,CLM
HG00448,CHS
HG01133,CLM
HG00638,PUR
HG01140,CLM
HG00640,PUR
HG01164,PUR
HG00657,CHS
HG01171,PUR
HG01176,PUR
HG00671,CHS
HG01183,PUR
HG01188,PUR
HG00683,CHS
HG01190,PUR
HG00690,CHS
HG00623,CHS
HG01326,PUR
HG00628,CHS
HG01345,CLM
HG00635,CHS
HG01357,CLM
HG00654,CHS
HG01369,CLM
HG01195,PUR
HG01241,PUR
HG01112,CLM
HG01253,CLM
HG01124,CLM
HG01131,CLM
HG01260,CLM
HG01136,CLM
HG01272,CLM
HG01148,CLM
HG01277,CLM
HG01354,CLM
HG01162,PUR
HG01359,CLM
HG01167,PUR
HG01066,PUR
HG01366,CLM
HG01073,PUR
HG01378,CLM
HG01080,PUR
HG01085,PUR
HG01392,PUR
HG01092,PUR
HG01049,PUR
HG01097,PUR
HG01051,PUR
HG01105,PUR
HG01063,PUR
HG01174,PUR
HG01198,PUR
HG01070,PUR
HG01075,PUR
HG01251,CLM
HG01256,CLM
HG00692,CHS
HG00708,CHS
HG00705,CHS
HG00734,PUR
HG00717,CHS
HG00739,PUR
HG01284,CLM
HG01311,PUR
HG00866,CDX
HG01323,PUR
HG01028,CDX
HG01342,CLM
HG01047,PUR
HG01347,CLM
HG01054,PUR
HG01599,KHV
HG01061,PUR
HG01602,IBS
HG01383,CLM
HG01607,IBS
HG01390,CLM
HG01395,PUR
HG01619,IBS
HG01403,PUR
HG01626,IBS
HG01275,CLM
HG01486,CLM
HG01302,PUR
HG01504,IBS
HG01498,CLM
HG01509,IBS
HG01501,IBS
HG01506,IBS
HG01516,IBS
HG01513,IBS
HG01518,IBS
HG01528,IBS
HG01597,KHV
HG01525,IBS
HG01600,KHV
HG01605,IBS
HG01537,IBS
HG01612,IBS
HG01530,IBS
HG01405,PUR
HG01566,PEL
HG01412,PUR
HG01431,CLM
HG01578,PEL
HG01443,CLM
HG01617,IBS
HG01455,CLM
HG01624,IBS
HG01462,CLM
HG01474,CLM
HG01631,IBS
HG01479,CLM
HG01551,CLM
HG01477,CLM
HG01556,CLM
HG01489,CLM
HG01491,CLM
HG01669,IBS
HG01679,IBS
HG01676,IBS
HG01686,IBS
HG01695,IBS
HG01708,IBS
HG01768,IBS
HG01710,IBS
HG01770,IBS
HG01746,IBS
HG01775,IBS
HG01765,IBS
HG01441,CLM
HG02009,ACB
HG01453,CLM
HG01465,CLM
HG02016,KHV
HG02023,KHV
HG01756,IBS
HG01777,IBS
HG01784,IBS
HG01789,GBR
HG01953,PEL
HG01791,GBR
HG01958,ACB
HG01796,CDX
HG01974,PEL
HG01965,PEL
HG01979,PEL
HG01977,PEL
HG01986,ACB
HG01989,ACB
HG01892,PEL
HG01927,PEL
HG01912,ACB
HG01917,PEL
HG01939,PEL
HG01924,PEL
HG01941,PEL
HG01866,KHV
HG01864,KHV
HG01873,KHV
HG01869,KHV
HG01878,KHV
HG01871,KHV
HG01880,ACB
HG01883,ACB
HG01885,ACB
HG02019,KHV
HG01948,PEL
HG01950,PEL
HG02026,KHV
HG00153,GBR
HG02040,KHV
HG00158,GBR
HG01967,PEL
HG00160,GBR
HG01936,PEL
HG01890,ACB
HG00177,FIN
HG00189,FIN
HG01842,KHV
HG01915,ACB
HG00235,GBR
HG01847,KHV
HG01991,PEL
HG00242,GBR
HG01859,KHV
HG02002,PEL
HG00247,GBR
HG01861,KHV
HG02014,ACB
HG00254,GBR
HG01804,CDX
HG01840,KHV
HG00259,GBR
HG01809,CDX
HG01845,KHV
HG00261,GBR
HG01811,CDX
HG01852,KHV
HG00266,FIN
HG01816,CDX
HG01857,KHV
HG00273,FIN
HG02282,ACB
HG01794,CDX
HG00278,FIN
HG01799,CDX
HG00280,FIN
HG02299,PEL
HG01802,CDX
HG00285,FIN
HG01807,CDX
HG00103,GBR
HG02307,ACB
HG02076,KHV
HG00108,GBR
HG02143,ACB
HG00110,GBR
HG02088,KHV
HG00115,GBR
HG02150,PEL
HG02090,PEL
HG00122,GBR
HG02155,CDX
HG02095,ACB
HG00127,GBR
HG02028,KHV
HG02278,PEL
HG00134,GBR
HG00139,GBR
HG02035,KHV
HG02285,PEL
HG00141,GBR
HG02047,KHV
HG02292,PEL
HG00146,GBR
HG02054,ACB
HG00312,FIN
HG02139,KHV
HG00324,FIN
HG02061,KHV
HG02141,KHV
HG00329,FIN
HG02073,KHV
HG02146,PEL
HG00331,FIN
HG02078,KHV
HG02153,CDX
HG00336,FIN
HG02179,CDX
HG02052,ACB
HG00343,FIN
HG02181,CDX
HG02057,KHV
HG00350,FIN
HG02186,CDX
HG02064,KHV
HG00355,FIN
HG02218,IBS
HG02069,KHV
HG00362,FIN
HG02220,IBS
HG00367,FIN
HG00475,CHS
HG02085,KHV
HG02259,PEL
HG02105,PEL
HG02266,PEL
HG02131,KHV
HG00533,CHS
HG02136,KHV
HG02108,ACB
HG02122,KHV
HG02232,IBS
HG02127,KHV
HG00557,CHS
HG02134,KHV
HG00583,CHS
HG02256,ACB
HG02312,PEL
HG00379,FIN
HG02275,PEL
HG02317,ACB
HG00381,FIN
HG02343,ACB
HG00406,CHS
HG02223,IBS
HG00418,CHS
HG02624,GWD
HG02230,IBS
HG02629,GWD
HG02235,IBS
HG00437,CHS
HG02165,CDX
HG02643,GWD
HG02184,CDX
HG00449,CHS
HG02648,PJL
HG02189,CDX
HG00451,CHS
HG00463,CHS
HG02655,PJL
HG02691,PJL
HG02696,PJL
HG00641,PUR
HG02561,GWD
HG00653,CHS
HG02573,GWD
HG02716,GWD
HG02580,ACB
HG00672,CHS
HG02585,GWD
HG02728,PJL
HG00684,CHS
HG02597,PJL
HG02603,PJL
HG00689,CHS
HG02600,PJL
HG02610,GWD
HG00867,CDX
HG02667,GWD
HG00879,CDX
HG02679,GWD
HG02634,GWD
HG00881,CDX
HG02681,PJL
HG02646,GWD
HG00956,CDX
HG02557,ACB
HG00982,CDX
HG02415,PEL
HG01029,CDX
HG02427,ACB
HG02571,GWD
HG01031,CDX
HG02439,ACB
HG02583,GWD
HG01048,PUR
HG02465,GWD
HG02588,GWD
HG02477,ACB
HG01055,PUR
HG02484,ACB
HG02595,GWD
HG02489,ACB
HG02420,ACB
HG00704,CHS
HG02491,PJL
HG02425,PEL
HG02496,ACB
HG02449,ACB
HG00716,CHS
HG02511,ACB
HG00728,CHS
HG02348,PEL
HG02554,ACB
HG02355,CDX
HG00742,PUR
HG02388,CDX
HG02367,CDX
HG00759,CDX
HG02390,CDX
HG02374,CDX
HG00766,CDX
HG02395,CDX
HG02379,CDX
HG00590,CHS
HG02408,CDX
HG02381,CDX
HG00595,CHS
HG02410,CDX
HG00608,CHS
HG02314,ACB
HG02658,PJL
HG00610,CHS
HG02660,PJL
HG02345,PEL
HG00622,CHS
HG02364,CDX
HG02684,PJL
HG02371,CDX
HG02502,ACB
HG00634,CHS
HG02383,CDX
HG01170,PUR
HG02819,GWD
HG02521,KHV
HG01182,PUR
HG02545,ACB
HG01187,PUR
HG02840,GWD
HG02470,ACB
HG02852,GWD
HG02494,PJL
HG02869,GWD
HG02386,CDX
HG01257,CLM
HG02398,CDX
HG01067,PUR
HG02401,CDX
HG02888,GWD
HG02406,CDX
HG01079,PUR
HG02890,GWD
HG02895,GWD
HG02792,PJL
HG01086,PUR
HG02922,ESN
HG01098,PUR
HG02805,GWD
HG01101,PUR
HG02977,ESN
HG02817,GWD
HG01113,CLM
HG03007,BEB
HG01125,CLM
HG03019,PJL
HG02759,GWD
HG01137,CLM
HG03021,PJL
HG01149,CLM
HG01168,PUR
HG03033,GWD
HG02778,PJL
HG03040,GWD
HG02780,PJL
HG01334,GBR
HG03045,GWD
HG01341,CLM
HG03052,MSL
HG02982,GWD
HG03057,MSL
HG03012,BEB
HG01353,CLM
HG02737,PJL
HG02756,GWD
HG02836,GWD
HG01360,CLM
HG02763,GWD
HG02855,GWD
HG01365,CLM
HG02768,GWD
HG01372,CLM
HG02879,GWD
HG01377,CLM
HG02775,PJL
HG02881,GWD
HG02787,PJL
HG01531,IBS
HG03024,GWD
HG01536,IBS
HG02799,GWD
HG01550,CLM
HG02807,GWD
HG03048,GWD
HG02814,GWD
HG03064,MSL
HG03055,MSL
HG01586,PJL
HG03069,MSL
HG01435,CLM
HG03076,MSL
HG03088,MSL
HG01447,CLM
HG03095,MSL
HG03118,ESN
HG03120,ESN
HG01459,CLM
HG02941,ESN
HG01461,CLM
HG02946,ESN
HG03132,ESN
HG02953,ESN
HG01593,PJL
HG02965,ESN
HG01598,KHV
HG03074,MSL
HG03079,MSL
HG01606,IBS
HG02725,PJL
HG03081,MSL
HG01613,IBS
HG03103,ESN
HG03086,MSL
HG01384,CLM
HG03108,ESN
HG02944,ESN
HG01389,CLM
HG02968,ESN
HG03115,ESN
HG02970,ESN
HG01396,PUR
HG03247,GWD
HG03461,MSL
HG03259,GWD
HG01269,CLM
HG03473,MSL
HG01271,CLM
HG03280,ESN
HG03478,MSL
HG03196,ESN
HG01303,PUR
HG03209,MSL
HG03485,MSL
HG01308,PUR
HG03228,PJL
HG03240,GWD
HG01322,PUR
HG01473,CLM
HG03235,PJL
HG03271,ESN
HG01480,CLM
HG03432,MSL
HG03295,ESN
HG01485,CLM
HG03437,MSL
HG03303,ESN
HG01492,CLM
HG03449,MSL
HG01497,CLM
HG03451,MSL
HG01500,IBS
HG03339,ESN
HG01618,IBS
HG03343,ESN
HG03163,ESN
HG01620,IBS
HG03168,ESN
HG01625,IBS
HG01632,IBS
HG03367,ESN
HG03175,ESN
HG01668,IBS
HG01670,IBS
HG03199,ESN
HG01675,IBS
HG03127,ESN
HG03202,ESN
HG03238,PJL
HG01512,IBS
HG03139,ESN
HG03517,ESN
HG01524,IBS
HG03297,ESN
HG03428,MSL
HG01815,CDX
HG03300,ESN
HG03442,MSL
HG01841,KHV
HG03454,MSL
HG01846,KHV
HG03312,ESN
HG01853,KHV
HG03160,ESN
HG01858,KHV
HG03172,ESN
HG03372,ESN
HG01860,KHV
HG03189,ESN
HG03391,MSL
HG01771,IBS
HG01776,IBS
HG03393,MSL
HG03644,STU
HG01783,IBS
HG03398,MSL
HG03649,PJL
HG01790,GBR
HG03401,MSL
HG01947,PEL
HG03656,PJL
HG01954,PEL
HG03470,MSL
HG03663,PJL
HG03538,GWD
HG03668,PJL
HG01961,PEL
HG01682,IBS
HG03557,MSL
HG03721,ITU
HG03733,STU
HG01694,IBS
HG03569,MSL
HG03738,STU
HG01699,IBS
HG03571,MSL
HG03740,STU
HG01702,IBS
HG03745,STU
HG01865,KHV
HG03696,STU
HG03606,BEB
HG01872,KHV
HG03618,PJL
HG03709,PJL
HG01923,PEL
HG03711,STU
HG03625,PJL
HG03716,ITU
HG03699,PJL
HG01935,PEL
HG03487,PJL
HG03702,PJL
HG01942,PEL
HG03499,ESN
HG01889,ACB
HG03514,ESN
HG03714,ITU
HG03752,STU
HG01896,ACB
HG03521,ESN
HG03757,STU
HG03639,PJL
HG01707,IBS
HG03771,ITU
HG01757,IBS
HG03646,STU
HG03653,PJL
HG03788,ITU
HG01795,CDX
HG03660,PJL
HG03790,ITU
HG01808,CDX
HG03754,STU
HG01810,CDX
HG03761,PJL
HG01992,PEL
HG03593,BEB
HG01997,PEL
HG03773,ITU
HG03598,BEB
HG02003,PEL
HG03583,MSL
HG03548,MSL
HG02008,PEL
HG03567,MSL
HG02010,ACB
HG03595,BEB
HG03574,MSL
HG03603,BEB
HG03672,STU
HG03687,STU
HG02084,KHV
HG03684,STU
HG03694,STU
HG02089,PEL
HG03689,STU
HG03973,ITU
HG03691,STU
HG03978,ITU
HG02104,PEL
HG03615,BEB
HG03985,STU
HG02111,ACB
HG03634,PJL
HG02116,KHV
HG03723,ITU
HG02128,KHV
HG03730,ITU
HG03911,BEB
HG02130,KHV
HG03742,ITU
HG03916,BEB
HG03999,STU
HG03928,BEB
HG02166,CDX
HG04017,ITU
HG03884,STU
HG02173,CDX
HG04024,ITU
HG03896,STU
HG02178,CDX
HG04029,STU
HG03904,BEB
HG02180,CDX
HG03803,BEB
HG02185,CDX
HG03808,BEB
HG03886,STU
HG03815,BEB
HG02224,IBS
HG03898,STU
HG03901,BEB
HG02231,IBS
HG03848,STU
HG02236,IBS
HG03850,STU
HG03947,STU
HG02250,CDX
HG03862,ITU
HG02142,KHV
HG03867,ITU
HG03846,STU
HG02147,PEL
HG03874,ITU
HG04003,STU
HG02154,CDX
HG03824,BEB
HG04015,ITU
HG01973,PEL
HG03829,BEB
HG04022,ITU
HG04039,STU
HG01980,PEL
HG03836,STU
HG04053,ITU
HG01985,ACB
HG03937,BEB
HG04058,ITU
HG02053,ACB
HG03944,STU
HG04060,ITU
HG02058,KHV
HG03949,STU
HG03858,STU
HG02060,KHV
HG03951,STU
HG03872,ITU
HG02072,KHV
HG03797,BEB
HG03800,BEB
NA12273,CEU
HG02046,KHV
HG03805,BEB
HG02419,ACB
HG03812,BEB
HG02433,ACB
HG03817,BEB
HG02445,ACB
NA12348,CEU
HG02464,GWD
HG03913,BEB
HG02558,ACB
HG03920,BEB
NA12413,CEU
HG03925,BEB
NA12716,CEU
HG02577,ACB
HG03963,ITU
NA12761,CEU
HG03968,ITU
HG02589,GWD
HG03982,STU
NA12778,CEU
HG03778,ITU
NA12812,CEU
HG03780,ITU
HG02281,ACB
HG03785,ITU
NA12829,CEU
HG02286,PEL
HG03792,ITU
NA12843,CEU
NA12155,CEU
NA12874,CEU
HG02298,PEL
NA12249,CEU
HG02301,PEL
NA12275,CEU
HG04229,STU
HG02471,ACB
NA12282,CEU
HG04301,GBR
HG02476,ACB
NA12287,CEU
NA06985,CEU
HG02490,PJL
NA12340,CEU
HG02318,ACB
NA12383,CEU
HG02325,ACB
NA12489,CEU
HG02332,ACB
NA10851,CEU
HG02337,ACB
HG02344,PEL
HG02508,ACB
NA11830,CEU
NA10847,CEU
HG02522,KHV
NA11892,CEU
HG02541,ACB
HG02546,ACB
NA11931,CEU
HG02351,CDX
NA11993,CEU
NA11840,CEU
HG02356,CDX
NA12004,CEU
NA12045,CEU
HG02363,CDX
HG04238,ITU
HG02375,CDX
HG04303,GBR
HG04173,BEB
HG02382,CDX
NA06994,CEU
HG04180,BEB
HG02387,CDX
NA07000,CEU
HG04185,BEB
HG02394,CDX
HG04192,BEB
HG02399,CDX
HG02402,CDX
NA07048,CEU
HG04200,ITU
HG02407,CDX
HG04212,ITU
HG02255,ACB
NA07346,CEU
HG02262,PEL
HG04147,BEB
HG02274,PEL
HG04194,BEB
HG04159,BEB
HG02604,PJL
HG04161,BEB
HG02611,GWD
HG04202,ITU
HG04096,ITU
HG02623,GWD
HG04214,ITU
HG04128,BEB
HG02628,GWD
HG04219,ITU
HG04135,BEB
HG04093,ITU
NA18555,CHB
HG02635,GWD
HG04098,ITU
NA18562,CHB
HG02642,GWD
HG04106,STU
NA18567,CHB
HG04118,ITU
NA18574,CHB
HG02781,PJL
HG04132,BEB
NA18579,CHB
HG02786,PJL
HG04050,ITU
NA18593,CHB
HG02793,PJL
HG04055,ITU
NA18606,CHB
HG02798,GWD
HG04062,ITU
NA18613,CHB
NA18618,CHB
HG02813,GWD
HG04144,BEB
NA18620,CHB
HG04149,BEB
NA18625,CHB
HG02971,ESN
NA18632,CHB
HG02976,ESN
HG04156,BEB
NA18637,CHB
HG02983,GWD
NA18644,CHB
HG03006,BEB
HG04182,BEB
NA18740,CHB
HG03018,PJL
NA18745,CHB
HG02654,PJL
NA18538,CHB
NA18757,CHB
NA18545,CHB
NA18795,CHB
HG02661,PJL
NA18552,CHB
NA18853,YRI
HG02666,GWD
NA18557,CHB
NA18916,YRI
HG02678,GWD
NA18564,CHB
NA18923,YRI
NA18571,CHB
HG02685,PJL
NA18576,CHB
NA18595,CHB
NA18942,JPT
HG02697,PJL
NA18603,CHB
NA18947,JPT
HG02700,PJL
NA18608,CHB
NA18954,JPT
NA18610,CHB
NA18959,JPT
HG02724,PJL
NA18615,CHB
NA18961,JPT
NA18622,CHB
NA18966,JPT
HG02731,PJL
NA18627,CHB
NA18973,JPT
HG02736,PJL
NA18634,CHB
NA18978,JPT
HG02762,GWD
NA18639,CHB
HG02774,PJL
NA18641,CHB
NA19058,JPT
NA18646,CHB
NA19060,JPT
HG02820,GWD
NA18747,CHB
NA19065,JPT
HG02837,GWD
NA19031,LWK
NA19072,JPT
HG02851,GWD
NA19036,LWK
NA19077,JPT
NA19043,LWK
NA19084,JPT
HG02870,GWD
NA19055,JPT
NA19089,JPT
HG02882,GWD
NA19062,JPT
NA19091,JPT
HG02887,GWD
NA19067,JPT
NA19096,YRI
HG03025,GWD
NA19074,JPT
HG03049,GWD
NA19079,JPT
NA19081,JPT
HG02938,ESN
NA19086,JPT
NA19093,YRI
NA18505,YRI
HG02952,ESN
NA19098,YRI
NA18517,YRI
HG02964,ESN
NA12890,CEU
NA18531,CHB
NA18487,YRI
NA18536,CHB
NA18499,YRI
NA18543,CHB
HG03241,GWD
NA18502,YRI
NA18548,CHB
HG03246,GWD
NA18507,YRI
NA18550,CHB
HG03258,GWD
NA18519,YRI
NA19116,YRI
HG03265,ESN
NA18526,CHB
NA18533,CHB
NA19130,YRI
HG03291,ESN
NA18968,JPT
HG03342,ESN
NA18970,JPT
NA19147,YRI
HG03354,ESN
NA18975,JPT
HG03361,ESN
NA18982,JPT
NA19159,YRI
HG03366,ESN
NA18987,JPT
HG03373,ESN
NA18994,JPT
NA18999,JPT
HG03169,ESN
NA19000,JPT
NA18858,YRI
HG03171,ESN
NA19005,JPT
NA19012,JPT
NA18865,YRI
HG03190,ESN
NA19017,LWK
HG03121,ESN
NA19024,LWK
NA18877,YRI
HG03126,ESN
NA12718,CEU
NA18909,YRI
HG03133,ESN
NA12749,CEU
NA12751,CEU
NA19248,YRI
HG03157,ESN
NA12763,CEU
NA19313,LWK
NA12775,CEU
NA19318,LWK
HG03304,ESN
NA19320,LWK
HG03309,ESN
NA12814,CEU
NA19332,LWK
HG03311,ESN
NA19351,LWK
HG03195,ESN
NA18879,YRI
NA19375,LWK
NA18881,YRI
NA18980,JPT
HG03234,PJL
NA18985,JPT
HG03099,ESN
NA18992,JPT
NA18997,JPT
HG03114,ESN
NA18944,JPT
NA19003,JPT
NA18949,JPT
NA19010,JPT
HG03378,MSL
NA18951,JPT
NA19027,LWK
HG03380,MSL
NA18956,JPT
NA19041,LWK
HG03385,MSL
NA18963,JPT
NA19185,YRI
HG03397,MSL
NA19197,YRI
HG03063,MSL
NA19113,YRI
NA19200,YRI
HG03082,MSL
NA19118,YRI
HG03493,ESN
NA19236,YRI
NA19137,YRI
NA20517,TSI
HG03518,ESN
NA19144,YRI
NA20524,TSI
HG03520,ESN
NA19149,YRI
NA20529,TSI
HG03607,BEB
NA20531,TSI
HG03619,PJL
NA19175,YRI
NA20536,TSI
HG03621,PJL
NA20543,TSI
NA20581,TSI
HG03633,PJL
NA19207,YRI
NA20586,TSI
NA19214,YRI
NA20752,TSI
NA20757,TSI
NA20764,TSI
HG03690,STU
NA18867,YRI
NA20769,TSI
HG03695,STU
NA18874,YRI
NA20771,TSI
HG03640,PJL
NA19798,MXL
HG03645,STU
NA19818,ASW
HG03652,PJL
NA19238,YRI
NA19240,YRI
NA19914,ASW
HG03582,MSL
NA19257,YRI
NA19921,ASW
NA19308,LWK
HG03594,BEB
NA19310,LWK
NA20276,ASW
NA19315,LWK
NA20783,TSI
NA19327,LWK
NA20790,TSI
HG03703,PJL
NA19334,LWK
NA20795,TSI
HG03708,PJL
NA20803,TSI
NA20502,TSI
NA20808,TSI
HG03715,ITU
NA20507,TSI
NA20810,TSI
HG03549,MSL
NA20514,TSI
NA20815,TSI
HG03556,MSL
NA20519,TSI
NA20822,TSI
HG03563,MSL
NA20521,TSI
NA20827,TSI
HG03575,MSL
NA20526,TSI
NA20846,GIH
HG03431,MSL
NA20533,TSI
NA20853,GIH
HG03436,MSL
NA20538,TSI
NA19469,LWK
NA20540,TSI
NA19471,LWK
HG03455,MSL
NA20588,TSI
NA19654,MXL
HG03462,MSL
NA20754,TSI
NA20759,TSI
NA19661,MXL
HG03479,MSL
NA19346,LWK
NA19678,MXL
HG03931,BEB
NA19360,LWK
HG03943,STU
NA19372,LWK
NA19685,MXL
HG03948,STU
NA19377,LWK
NA19700,ASW
HG03950,STU
NA19384,LWK
HG03955,STU
NA19391,LWK
NA19712,ASW
HG03823,BEB
NA19396,LWK
NA19717,MXL
HG03830,BEB
NA19404,LWK
NA19428,LWK
NA19729,MXL
HG03842,STU
NA19430,LWK
NA19731,MXL
HG03847,STU
NA19435,LWK
HG03753,STU
NA19454,LWK
NA19750,MXL
HG03760,STU
NA19461,LWK
NA20339,ASW
HG03765,PJL
NA19466,LWK
NA20341,ASW
HG03772,ITU
NA19473,LWK
NA20346,ASW
HG03722,ITU
NA19625,ASW
HG03727,ITU
NA19649,MXL
HG03741,STU
NA19651,MXL
NA20505,TSI
HG03746,STU
NA20512,TSI
HG03777,ITU
NA19663,MXL
NA19382,LWK
HG03784,ITU
NA19670,MXL
NA19394,LWK
HG03789,ITU
NA19788,MXL
NA19399,LWK
HG03796,BEB
NA19438,LWK
NA19795,MXL
NA19440,LWK
HG03809,BEB
NA19834,ASW
NA19445,LWK
HG03811,BEB
NA19904,ASW
NA19452,LWK
NA19909,ASW
NA19457,LWK
HG03905,BEB
NA19916,ASW
NA19755,MXL
HG03917,BEB
NA19923,ASW
NA19762,MXL
NA19985,ASW
NA19774,MXL
HG03929,BEB
NA20127,ASW
NA19779,MXL
HG03885,STU
NA19675,MXL
HG03897,STU
NA19682,MXL
NA19786,MXL
HG03900,STU
HG03854,STU
NA19707,ASW
HG03861,ITU
HG03866,ITU
NA19719,MXL
NA20322,ASW
HG03873,ITU
NA20334,ASW
NA19726,MXL
NA21142,GIH
NA07357,CEU
NA19740,MXL
NA19752,MXL
NA19764,MXL
HG04302,GBR
NA19771,MXL
NA06986,CEU
NA19776,MXL
NA19783,MXL
HG04042,STU
NA20278,ASW
HG04047,STU
HG04054,ITU
HG04059,ITU
NA20904,GIH
HG04061,ITU
HG04080,ITU
NA20911,GIH
NA20317,ASW
NA21089,GIH
HG04150,BEB
NA20336,ASW
NA21091,GIH
HG04155,BEB
NA20884,GIH
HG04162,BEB
NA20348,ASW
NA20889,GIH
HG04174,BEB
NA20891,GIH
NA20355,ASW
NA20896,GIH
HG04186,BEB
NA20362,ASW
NA21116,GIH
NA20761,TSI
NA21123,GIH
HG04100,STU
NA20766,TSI
NA21128,GIH
HG04131,BEB
NA20773,TSI
NA21130,GIH
NA20778,TSI
NA21135,GIH
HG04198,ITU
NA20785,TSI
NA20858,GIH
HG04206,ITU
NA20792,TSI
NA20872,GIH
HG04225,ITU
NA20797,TSI
NA20877,GIH
HG03967,ITU
NA20800,TSI
NA21104,GIH
HG03974,ITU
NA20805,TSI
NA21109,GIH
HG03986,STU
NA20812,TSI
NA21111,GIH
HG03998,STU
NA20829,TSI
HG04023,ITU
NA20831,TSI
HG04035,STU
NA21137,GIH
NA18486,YRI
NA21144,GIH
NA18498,YRI
NA18501,YRI
NA20874,GIH
NA18520,YRI
NA18525,CHB
NA20881,GIH
NA18532,CHB
NA20886,GIH
NA18537,CHB
NA20893,GIH
NA18544,CHB
NA20898,GIH
NA18549,CHB
NA20901,GIH
NA18563,CHB
NA20906,GIH
NA18570,CHB
NA21086,GIH
NA18582,CHB
NA18599,CHB
NA18602,CHB
NA18614,CHB
NA18619,CHB
NA18621,CHB
NA21113,GIH
NA18626,CHB
NA21118,GIH
NA18633,CHB
NA21120,GIH
NA18638,CHB
NA21125,GIH
NA18640,CHB
NA21093,GIH
NA18645,CHB
NA21098,GIH
NA18791,CHB
NA21101,GIH
NA18979,JPT
NA21106,GIH
NA18981,JPT
NA20850,GIH
NA18986,JPT
NA20862,GIH
NA18993,JPT
NA20867,GIH
NA18998,JPT
NA19004,JPT
NA19009,JPT
NA19011,JPT
NA19023,LWK
NA19028,LWK
NA19030,LWK
NA19035,LWK
NA19042,LWK
NA19054,JPT
NA19059,JPT
NA19066,JPT
NA19078,JPT
NA19080,JPT
NA19085,JPT
NA19092,YRI
NA12154,CEU
NA12286,CEU
NA12399,CEU
NA12414,CEU
NA12546,CEU
NA12717,CEU
NA12748,CEU
NA12750,CEU
NA12762,CEU
NA12813,CEU
NA18912,YRI
NA18917,YRI
NA18924,YRI
NA18943,JPT
NA18948,JPT
NA18950,JPT
NA18955,JPT
NA18962,JPT
NA18967,JPT
NA18974,JPT
NA11930,CEU
NA11992,CEU
NA12003,CEU
NA12046,CEU
NA12058,CEU
NA18861,YRI
NA18873,YRI
NA18878,YRI
NA19472,LWK
NA19648,MXL
NA19655,MXL
NA19679,MXL
NA19681,MXL
NA19256,YRI
NA19307,LWK
NA19314,LWK
NA19319,LWK
NA19321,LWK
NA19338,LWK
NA19371,LWK
NA19376,LWK
NA19701,ASW
NA19713,ASW
NA19720,MXL
NA19725,MXL
NA19732,MXL
NA19737,MXL
NA19749,MXL
NA19198,YRI
NA19201,YRI
NA19206,YRI
NA19213,YRI
NA19225,YRI
NA19383,LWK
NA19390,LWK
NA19395,LWK
NA19403,LWK
NA19434,LWK
NA19439,LWK
NA19446,LWK
NA19453,LWK
NA19117,YRI
NA19129,YRI
NA19131,YRI
NA19143,YRI
NA19150,YRI
NA19756,MXL
NA19770,MXL
NA19782,MXL
NA19794,MXL
NA19819,ASW
NA19908,ASW
NA19922,ASW
NA19984,ASW
NA20126,ASW
NA20289,ASW
NA20291,ASW
NA20296,ASW
NA20513,TSI
NA20518,TSI
NA20520,TSI
NA20525,TSI
NA20532,TSI
NA20537,TSI
NA20544,TSI
NA20582,TSI
NA20587,TSI
NA20753,TSI
NA20758,TSI
NA20760,TSI
NA20765,TSI
NA20772,TSI
NA21143,GIH
NA20796,TSI
NA20804,TSI
NA20809,TSI
NA20811,TSI
NA20816,TSI
NA20828,TSI
NA20847,GIH
NA20854,GIH
NA20342,ASW
NA20359,ASW
NA20361,ASW
NA20412,ASW
NA20506,TSI
NA20859,GIH
NA20861,GIH
NA20866,GIH
NA20873,GIH
NA20878,GIH
NA20885,GIH
NA20892,GIH
NA20897,GIH
NA21097,GIH
NA21100,GIH
NA21105,GIH
NA21112,GIH
NA20900,GIH
NA20905,GIH
NA21092,GIH
NA21117,GIH
NA21124,GIH
NA21129,GIH